"Map","Algorithm","GraphCreationTime","AlgorithmTime","Distance","Angle","NodesExpanded"
"Map 1","BlockAStar","64.841984","126.84416","145.09328052339413","184.34954497787913","2932"
"Map 2","BlockAStar","54.926848","19.38304","143.0278231124714","202.7845191565851","3095"
"Map 3","BlockAStar","64.476928","12.372992","149.75231887725474","441.8699435277383","5006"
"Map 5","BlockAStar","14.156032","67.596032","144.53159062161956","321.5242975444172","3911"
"Map 6","BlockAStar","16.795904","73.875968","156.78491274007993","439.695201827965","5733"
"Map 7","BlockAStar","4.118784","84.889856","165.05261227172832","795.3457087690703","10434"
"Map 8","BlockAStar","18.785024","64.013056","149.0910862207685","472.78449138596477","4843"
"Map 9","BlockAStar","18.572032","5.509888","146.18940717978867","219.04470454620443","3636"
